{
    "playerPosition": {
        "x": -68.33999633789063,
        "y": 48.68000030517578,
        "z": 0.0
    },
    "sceneName": "test",
    "isDead": false
}