{"playerPosition":{"x":-79.44000244140625,"y":40.91999816894531,"z":0.0},"isDead":false}