{
    "playerPosition": {
        "x": -58.400001525878909,
        "y": 40.9900016784668,
        "z": 0.0
    },
    "sceneName": "test",
    "isDead": false
}