{"playerPosition":{"x":-77.12223815917969,"y":40.939998626708987,"z":0.0},"isDead":false}